Workbook

Sheet HR_Data
A1: Employee ID | B1: Employee Name | C1: Age | D1: Gender | E1: Department | F1: Job Role | G1: Education Level | H1: Marital Status | I1: Location | J1: Joining Date | K1: Years at Company | L1: Monthly Income | M1: Performance Rating | N1: Training Hours | O1: Overtime Status | P1: Work Mode | Q1: Job Satisfaction Score | R1: Work-Life Balance Score | S1: Promotion Last 2 Years | T1: Absenteeism Rate | U1: Attrition Status | V1: Attrition Risk Level | X1: Analysis Date
A2: EMP2125 | B2: Vivaan Pillai | C2: 47 | D2: Male | E2: Engineering | F2: DevOps Engineer | G2: Master's | H2: Married | I2: Kolkata | J2: 43113 | K2: =ROUND(($X$2-J2)/365,1) -> 8 | L2: 78616.74 | M2: 3 | N2: 58 | O2: Yes | P2: Remote | Q2: 9 | R2: 6 | S2: Yes | T2: 5.59 | U2: No | V2: =IF((10-Q2)+(10-R2)+IF(O2="Yes",3,0)+IF(S2="No",2,0)>=14,"High",IF((10-Q2)+(10-R2)+IF(O2="Yes",3,0)+IF(S2="No",2,0)>=8,"Medium","Low")) -> Medium | X2: 46023
A3: EMP2027 | B3: Ananya Malhotra | C3: 53 | D3: Male | E3: Sales | F3: Account Manager | G3: Master's | H3: Divorced | I3: Pune | J3: 43138 | K3: =ROUND(($X$2-J3)/365,1) -> 7.9 | L3: 58341.28 | M3: 2 | N3: 18 | O3: Yes | P3: Hybrid | Q3: 7 | R3: 1 | S3: Yes | T3: 11.34 | U3: No | V3: =IF((10-Q3)+(10-R3)+IF(O3="Yes",3,0)+IF(S3="No",2,0)>=14,"High",IF((10-Q3)+(10-R3)+IF(O3="Yes",3,0)+IF(S3="No",2,0)>=8,"Medium","Low")) -> High
A4: EMP2086 | B4: Aarav Verma | C4: 49 | D4: Female | E4: Finance | F4: Finance Manager | G4: Bachelor's | H4: Married | I4: Bengaluru | J4: 43151 | K4: =ROUND(($X$2-J4)/365,1) -> 7.9 | L4: 97864.63 | M4: 5 | N4: 29 | O4: Yes | P4: Hybrid | Q4: 9 | R4: 8 | S4: No | T4: 13.58 | U4: No | V4: =IF((10-Q4)+(10-R4)+IF(O4="Yes",3,0)+IF(S4="No",2,0)>=14,"High",IF((10-Q4)+(10-R4)+IF(O4="Yes",3,0)+IF(S4="No",2,0)>=8,"Medium","Low")) -> Medium
A5: EMP2144 | B5: Kabir Reddy | C5: 36 | D5: Female | E5: HR | F5: HR Manager | G5: Master's | H5: Single | I5: Pune | J5: 43151 | K5: =ROUND(($X$2-J5)/365,1) -> 7.9 | L5: 154562.4 | M5: 1 | N5: 0 | O5: No | P5: Hybrid | Q5: 3 | R5: 8 | S5: Yes | T5: 13.13 | U5: No | V5: =IF((10-Q5)+(10-R5)+IF(O5="Yes",3,0)+IF(S5="No",2,0)>=14,"High",IF((10-Q5)+(10-R5)+IF(O5="Yes",3,0)+IF(S5="No",2,0)>=8,"Medium","Low")) -> Medium
A6: EMP2067 | B6: Tanvi Reddy | C6: 45 | D6: Male | E6: Customer Support | F6: Support Executive | G6: Master's | H6: Divorced | I6: Kolkata | J6: 43168 | K6: =ROUND(($X$2-J6)/365,1) -> 7.8 | L6: 163968.12 | M6: 2 | N6: 51 | O6: No | P6: Hybrid | Q6: 2 | R6: 8 | S6: No | T6: 1.54 | U6: Yes | V6: =IF((10-Q6)+(10-R6)+IF(O6="Yes",3,0)+IF(S6="No",2,0)>=14,"High",IF((10-Q6)+(10-R6)+IF(O6="Yes",3,0)+IF(S6="No",2,0)>=8,"Medium","Low")) -> Medium
A7: EMP2025 | B7: Dev Chauhan | C7: 51 | D7: Male | E7: Finance | F7: Financial Analyst | G7: PhD | H7: Divorced | I7: Mumbai | J7: 43211 | K7: =ROUND(($X$2-J7)/365,1) -> 7.7 | L7: 86156.48 | M7: 2 | N7: 31 | O7: No | P7: Hybrid | Q7: 6 | R7: 7 | S7: No | T7: 8.98 | U7: No | V7: =IF((10-Q7)+(10-R7)+IF(O7="Yes",3,0)+IF(S7="No",2,0)>=14,"High",IF((10-Q7)+(10-R7)+IF(O7="Yes",3,0)+IF(S7="No",2,0)>=8,"Medium","Low")) -> Medium
A8: EMP2117 | B8: Priya Mehta | C8: 45 | D8: Female | E8: Marketing | F8: Content Specialist | G8: Master's | H8: Single | I8: Ahmedabad | J8: 43236 | K8: =ROUND(($X$2-J8)/365,1) -> 7.6 | L8: 71166.04 | M8: 4 | N8: 22 | O8: Yes | P8: Office | Q8: 5 | R8: 8 | S8: No | T8: 13.59 | U8: Yes | V8: =IF((10-Q8)+(10-R8)+IF(O8="Yes",3,0)+IF(S8="No",2,0)>=14,"High",IF((10-Q8)+(10-R8)+IF(O8="Yes",3,0)+IF(S8="No",2,0)>=8,"Medium","Low")) -> Medium
A9: EMP2092 | B9: Yash Gupta | C9: 31 | D9: Male | E9: Finance | F9: Accountant | G9: Bachelor's | H9: Married | I9: Kolkata | J9: 43249 | K9: =ROUND(($X$2-J9)/365,1) -> 7.6 | L9: 166074.85 | M9: 2 | N9: 35 | O9: Yes | P9: Remote | Q9: 6 | R9: 7 | S9: No | T9: 4.12 | U9: No | V9: =IF((10-Q9)+(10-R9)+IF(O9="Yes",3,0)+IF(S9="No",2,0)>=14,"High",IF((10-Q9)+(10-R9)+IF(O9="Yes",3,0)+IF(S9="No",2,0)>=8,"Medium","Low")) -> Medium
A10: EMP2120 | B10: Vihaan Rao | C10: 58 | D10: Female | E10: Operations | F10: Operations Executive | G10: Master's | H10: Single | I10: Kolkata | J10: 43255 | K10: =ROUND(($X$2-J10)/365,1) -> 7.6 | L10: 38347.76 | M10: 5 | N10: 22 | O10: Yes | P10: Office | Q10: 9 | R10: 9 | S10: Yes | T10: 9.98 | U10: Yes | V10: =IF((10-Q10)+(10-R10)+IF(O10="Yes",3,0)+IF(S10="No",2,0)>=14,"High",IF((10-Q10)+(10-R10)+IF(O10="Yes",3,0)+IF(S10="No",2,0)>=8,"Medium","Low")) -> Low
A11: EMP2128 | B11: Aarav Menon | C11: 53 | D11: Male | E11: Sales | F11: Account Manager | G11: High School | H11: Married | I11: Mumbai | J11: 43263 | K11: =ROUND(($X$2-J11)/365,1) -> 7.6 | L11: 40238.15 | M11: 5 | N11: 43 | O11: No | P11: Hybrid | Q11: 1 | R11: 7 | S11: Yes | T11: 2.64 | U11: No | V11: =IF((10-Q11)+(10-R11)+IF(O11="Yes",3,0)+IF(S11="No",2,0)>=14,"High",IF((10-Q11)+(10-R11)+IF(O11="Yes",3,0)+IF(S11="No",2,0)>=8,"Medium","Low")) -> Medium
A12: EMP2040 | B12: Saanvi Rao | C12: 48 | D12: Female | E12: HR | F12: HR Executive | G12: PhD | H12: Married | I12: Chennai | J12: 43269 | K12: =ROUND(($X$2-J12)/365,1) -> 7.5 | L12: 66321.91 | M12: 3 | N12: 14 | O12: No | P12: Hybrid | Q12: 4 | R12: 2 | S12: No | T12: 6.91 | U12: No | V12: =IF((10-Q12)+(10-R12)+IF(O12="Yes",3,0)+IF(S12="No",2,0)>=14,"High",IF((10-Q12)+(10-R12)+IF(O12="Yes",3,0)+IF(S12="No",2,0)>=8,"Medium","Low")) -> High
A13: EMP2039 | B13: Ishita Sharma | C13: 43 | D13: Male | E13: Engineering | F13: QA Engineer | G13: Bachelor's | H13: Divorced | I13: Mumbai | J13: 43273 | K13: =ROUND(($X$2-J13)/365,1) -> 7.5 | L13: 154091.77 | M13: 2 | N13: 20 | O13: Yes | P13: Office | Q13: 6 | R13: 10 | S13: Yes | T13: 9.11 | U13: Yes | V13: =IF((10-Q13)+(10-R13)+IF(O13="Yes",3,0)+IF(S13="No",2,0)>=14,"High",IF((10-Q13)+(10-R13)+IF(O13="Yes",3,0)+IF(S13="No",2,0)>=8,"Medium","Low")) -> Low
A14: EMP2103 | B14: Arjun Rao | C14: 27 | D14: Female | E14: HR | F14: Talent Acquisition Specialist | G14: Master's | H14: Married | I14: Mumbai | J14: 43281 | K14: =ROUND(($X$2-J14)/365,1) -> 7.5 | L14: 44317.31 | M14: 3 | N14: 17 | O14: Yes | P14: Office | Q14: 8 | R14: 5 | S14: Yes | T14: 3.17 | U14: No | V14: =IF((10-Q14)+(10-R14)+IF(O14="Yes",3,0)+IF(S14="No",2,0)>=14,"High",IF((10-Q14)+(10-R14)+IF(O14="Yes",3,0)+IF(S14="No",2,0)>=8,"Medium","Low")) -> Medium
... A151: EMP2112 | B151: Zara Verma | C151: 36 | D151: Male | E151: Customer Support | F151: Customer Success Manager | G151: Bachelor's | H151: Married | I151: Hyderabad | J151: 45829 | K151: =ROUND(($X$2-J151)/365,1) -> 0.5 | L151: 117096.41 | M151: 4 | N151: 4 | O151: Yes | P151: Remote | Q151: 1 | R151: 6 | S151: No | T151: 7.68 | U151: Yes | V151: =IF((10-Q151)+(10-R151)+IF(O151="Yes",3,0)+IF(S151="No",2,0)>=14,"High",IF((10-Q151)+(10-R151)+IF(O151="Yes",3,0)+IF(S151="No",2,0)>=8,"Medium","Low")) -> High

Sheet KPI_Summary
A1: Metric | B1: Value
A2: Total Employees | B2: =COUNTA(HR_Data!A2:A151) -> 150
A3: Attrition Count | B3: =COUNTIF(HR_Data!U2:U151,"Yes") -> 63
A4: Attrition Rate % | B4: =COUNTIF(HR_Data!U2:U151,"Yes")/COUNTA(HR_Data!A2:A151) -> 0.42
A5: Average Monthly Income | B5: =AVERAGE(HR_Data!L2:L151) -> 101826.4
A6: Average Job Satisfaction Score | B6: =AVERAGE(HR_Data!Q2:Q151) -> 5.88
A7: Average Work-Life Balance Score | B7: =AVERAGE(HR_Data!R2:R151) -> 5.4066667
A8: Overtime Employee Count | B8: =COUNTIF(HR_Data!O2:O151,"Yes") -> 80
A9: High Attrition Risk Employees Count | B9: =COUNTIF(HR_Data!V2:V151,"High") -> 47
A10: Average Tenure (Years at Company) | B10: =AVERAGE(HR_Data!K2:K151) -> 4.4833333
A11: Average Absenteeism Rate | B11: =AVERAGE(HR_Data!T2:T151) -> 7.2558667
